wp_post_id,title,ical_url
96001,"Monochrome - 3 Bedroom - Garden View - FF",https://mohamedmaged3002-droid.github.io/silversprings-ical/96001.ics
96002,"Monochrome - Two Bed - Pool / Garden Access - GF",https://mohamedmaged3002-droid.github.io/silversprings-ical/96002.ics
96003,"Neutral Studio - Garden View -FF",https://mohamedmaged3002-droid.github.io/silversprings-ical/96003.ics
96004,"Fully Furnished/Serviced 3 Bed Apart FF @ Silver Palm",https://mohamedmaged3002-droid.github.io/silversprings-ical/96004.ics
96005,"Neutral - 2 Bed - FF @ Silver Springs Residence",https://mohamedmaged3002-droid.github.io/silversprings-ical/96005.ics
96006,"Monochrome -3 Bed - Pool & Garden Access - GF",https://mohamedmaged3002-droid.github.io/silversprings-ical/96006.ics
96007,"Two Bed Serviced Apartment GF @ Silver Palm",https://mohamedmaged3002-droid.github.io/silversprings-ical/96007.ics
96008,"Monochrome - 2 Bedroom - Garden View - FF",https://mohamedmaged3002-droid.github.io/silversprings-ical/96008.ics
96009,"Scandinavian - 2 Bed - FF @ Silver Springs Residence",https://mohamedmaged3002-droid.github.io/silversprings-ical/96009.ics
96010,"Neutral Studio - Pool / Garden Access - GF",https://mohamedmaged3002-droid.github.io/silversprings-ical/96010.ics
96011,"Neutral - Two Bedroom - GF",https://mohamedmaged3002-droid.github.io/silversprings-ical/96011.ics
96012,"Fully Furnished/Serviced 2 Bed Apart GF @ Silver Palm",https://mohamedmaged3002-droid.github.io/silversprings-ical/96012.ics
96013,"Private Pool - 3 Bed Serviced Apart GF @ Silver Palm",https://mohamedmaged3002-droid.github.io/silversprings-ical/96013.ics
96014,"Garden View - 3 Bed Serviced Apart FF @ Silver Palm",https://mohamedmaged3002-droid.github.io/silversprings-ical/96014.ics
96015,"Neutral Studio - Garden View -TF",https://mohamedmaged3002-droid.github.io/silversprings-ical/96015.ics
96016,"Monochrome - One Bedroom - GF",https://mohamedmaged3002-droid.github.io/silversprings-ical/96016.ics
96017,"Scandinavian -2 Bed- SF @ Silver Springs Residence",https://mohamedmaged3002-droid.github.io/silversprings-ical/96017.ics
96018,"Scandinavian -2 Bed- TF @ Silver Springs Residence",https://mohamedmaged3002-droid.github.io/silversprings-ical/96018.ics
96019,"Monochrome - 3 Bedroom - Garden View - SF",https://mohamedmaged3002-droid.github.io/silversprings-ical/96019.ics
96020,"Neutral - 2 Bed - TF @ Silver Springs Residence",https://mohamedmaged3002-droid.github.io/silversprings-ical/96020.ics
96021,"Monochrome - 3 Bedroom - Garden View - TF",https://mohamedmaged3002-droid.github.io/silversprings-ical/96021.ics
96022,"Neutral - 2 Bed - SF @ Silver Springs Residence",https://mohamedmaged3002-droid.github.io/silversprings-ical/96022.ics
96023,"Monochrome - 2 Bed - Garden View - SF",https://mohamedmaged3002-droid.github.io/silversprings-ical/96023.ics
96024,"Monochrome 2 Bed Garden View TF",https://mohamedmaged3002-droid.github.io/silversprings-ical/96024.ics
96025,"Private Pool Apartment in Silver Palm New Cairo",https://mohamedmaged3002-droid.github.io/silversprings-ical/96025.ics
96026,"Fully Furnished/Serviced 3 Bed Apart SF @ Silver Palm",https://mohamedmaged3002-droid.github.io/silversprings-ical/96026.ics
96027,"Fully Furnished/Serviced 3 Bed Apart TF @ Silver Palm",https://mohamedmaged3002-droid.github.io/silversprings-ical/96027.ics
96028,"1-Bedroom Apart with Sofa Bed in Silver Palm GF",https://mohamedmaged3002-droid.github.io/silversprings-ical/96028.ics
96029,"Studio with Pool Access & Serene Garden View - GF",https://mohamedmaged3002-droid.github.io/silversprings-ical/96029.ics
96030,"Studio with Pool Access and Serene Garden View - GF",https://mohamedmaged3002-droid.github.io/silversprings-ical/96030.ics
96031,"3-Bedroom Apart with Garden Views & Pool Access GF",https://mohamedmaged3002-droid.github.io/silversprings-ical/96031.ics
96032,"2-Bedroom Apartment GF @ Silver Palm",https://mohamedmaged3002-droid.github.io/silversprings-ical/96032.ics
96033,"1-Bedroom Apart with Sofa Bed in Silver Palm FF",https://mohamedmaged3002-droid.github.io/silversprings-ical/96033.ics
96034,"Cozy Studio with Serene Garden Views - FF",https://mohamedmaged3002-droid.github.io/silversprings-ical/96034.ics
96035,"1-Bedroom Apart with Sofa Bed in Silver Palm SF",https://mohamedmaged3002-droid.github.io/silversprings-ical/96035.ics
96036,"1-Bedroom Apart with Sofa Bed in Silver Palm TF",https://mohamedmaged3002-droid.github.io/silversprings-ical/96036.ics
96037,"Cozy Studio with Serene Garden Views - TF",https://mohamedmaged3002-droid.github.io/silversprings-ical/96037.ics
96038,"2-Bedroom Apart with Garden Views & Pool Access GF",https://mohamedmaged3002-droid.github.io/silversprings-ical/96038.ics
96039,"3-Bedroom Apart with Garden Views & Balcony FF",https://mohamedmaged3002-droid.github.io/silversprings-ical/96039.ics
96040,"3-Bedroom Apart with Garden Views & Balcony SF",https://mohamedmaged3002-droid.github.io/silversprings-ical/96040.ics
96041,"3-Bedroom Apart with Garden Views & Balcony TF",https://mohamedmaged3002-droid.github.io/silversprings-ical/96041.ics
96042,"Two Bed Apartment @ Silver Palm",https://mohamedmaged3002-droid.github.io/silversprings-ical/96042.ics
96043,"3-Bedroom Apart with Garden View TF",https://mohamedmaged3002-droid.github.io/silversprings-ical/96043.ics
96044,"Garden View - 3 Bed Serviced Apart TF Silver Palm",https://mohamedmaged3002-droid.github.io/silversprings-ical/96044.ics
96045,"Brand new soft light 2BR @ Silver Palm",https://mohamedmaged3002-droid.github.io/silversprings-ical/96045.ics
